{"0.7388958375449473":{"user_id":16},"0.5279131395885424":{"user_id":16},"0.9984937702445609":{"user_id":16},"0.8212951249073575":{"user_id":16},"0.9037529560581232":{"user_id":16}}